<?xml version="1.0" encoding="UTF-8" standalone="yes"?>

<app>
    <name>TCP Gecko</name>
    <coder>BullyWiiPlaza, wj44, dimok, Chadderz, Marionumber1</coder>
    <version>2.51</version>
    <short_description>WiiU RAM Hacking</short_description>
    <long_description>A memory editor that does magical things to your games. In order to develop and apply real-time
        cheats use JGecko U.

        Special thanks to:
        Chadderz, Marionumber1 - Original TCP Gecko Installer
        dimok - Homebrew Launcher
        kinnay - Diibugger
        pwsincd - Icon and XML
        CosmoCortney - Cheat code handler
    </long_description>
</app>